<?xml version="1.0" encoding="UTF-8"?>
<beans xmlns="http://www.springframework.org/schema/beans"
       xmlns:xsi="http://www.w3.org/2001/XMLSchema-instance"
       xmlns:context="http://www.springframework.org/schema/context"
       xmlns:tx="http://www.springframework.org/schema/tx"
       xmlns:aop="http://www.springframework.org/schema/aop"
       xsi:schemaLocation="http://www.springframework.org/schema/beans
          http://www.springframework.org/schema/beans/spring-beans.xsd
          http://www.springframework.org/schema/mvc
          http://www.springframework.org/schema/mvc/spring-mvc.xsd
          http://www.springframework.org/schema/tx
          http://www.springframework.org/schema/tx/spring-tx-3.0.xsd
          http://www.springframework.org/schema/context
          http://www.springframework.org/schema/context/spring-context.xsd
          http://www.springframework.org/schema/aop
          http://www.springframework.org/schema/aop/spring-aop-3.2.xsd">

    <!-- Bean definitions go here -->

    <bean id="VendingMachineUserIO" class="com.sg.VendingMachine.ui.VendingMachineUserIOConsoleImpl"/>

    <bean id="VendingMachineView" class="com.sg.VendingMachine.ui.VendingMachineView">
        <constructor-arg ref="VendingMachineUserIO"/>
    </bean>

    <bean id="VendingMachineDao" class="com.sg.VendingMachine.dao.VendingMachineDaoFIleImpl"/>

    <bean id="VendingMachineAuditDao"
          class="com.sg.VendingMachine.dao.VendingMachineAuditDaoFileImpl"/>

    <bean id="VendingMachineServiceLayer"
          class="com.sg.VendingMachine.service.VendingMachineServiceImpl">
        <constructor-arg ref="VendingMachineDao"/>
        <constructor-arg ref="VendingMachineAuditDao"/>
    </bean>

    <bean id="controller" class="com.sg.VendingMachine.Controller.VendingMachineController">
        <constructor-arg ref="VendingMachineServiceLayer"/>
        <constructor-arg ref="VendingMachineView"/>

    </bean>
</beans>